emp_name,emp_id,personal_email,contact_number,team_email
Employee1,1,Employee1@example.com,1234560001,L1_Engineers@dma.com
Employee2,2,Employee2@example.com,1234560002,L2_Engineers@dma.com
Employee3,3,Employee3@example.com,1234560003,Problem_Management@dma.com
Employee4,4,Employee4@example.com,1234560004,Change_Management@dma.com
Employee5,5,Employee5@example.com,1234560005,L1_Engineers@dma.com
Employee6,6,Employee6@example.com,1234560006,L2_Engineers@dma.com
Employee7,7,Employee7@example.com,1234560007,Problem_Management@dma.com
Employee8,8,Employee8@example.com,1234560008,Change_Management@dma.com
Employee9,9,Employee9@example.com,1234560009,L1_Engineers@dma.com
Employee10,10,Employee10@example.com,1234560010,L2_Engineers@dma.com
Employee11,11,Employee11@example.com,1234560011,Problem_Management@dma.com
Employee12,12,Employee12@example.com,1234560012,Change_Management@dma.com
Employee13,13,Employee13@example.com,1234560013,L1_Engineers@dma.com
Employee14,14,Employee14@example.com,1234560014,L2_Engineers@dma.com
Employee15,15,Employee15@example.com,1234560015,Problem_Management@dma.com
Employee16,16,Employee16@example.com,1234560016,Change_Management@dma.com
Employee17,17,Employee17@example.com,1234560017,L1_Engineers@dma.com
Employee18,18,Employee18@example.com,1234560018,L2_Engineers@dma.com
Employee19,19,Employee19@example.com,1234560019,Problem_Management@dma.com
Employee20,20,Employee20@example.com,1234560020,Change_Management@dma.com
Employee21,21,Employee21@example.com,1234560021,L1_Engineers@dma.com
Employee22,22,Employee22@example.com,1234560022,L2_Engineers@dma.com
Employee23,23,Employee23@example.com,1234560023,Problem_Management@dma.com
Employee24,24,Employee24@example.com,1234560024,Change_Management@dma.com
Employee25,25,Employee25@example.com,1234560025,L1_Engineers@dma.com
Employee26,26,Employee26@example.com,1234560026,L2_Engineers@dma.com
Employee27,27,Employee27@example.com,1234560027,Problem_Management@dma.com
Employee28,28,Employee28@example.com,1234560028,Change_Management@dma.com
Employee29,29,Employee29@example.com,1234560029,L1_Engineers@dma.com
Employee30,30,Employee30@example.com,1234560030,L2_Engineers@dma.com
Employee31,31,Employee31@example.com,1234560031,Problem_Management@dma.com
Employee32,32,Employee32@example.com,1234560032,Change_Management@dma.com
Employee33,33,Employee33@example.com,1234560033,L1_Engineers@dma.com
Employee34,34,Employee34@example.com,1234560034,L2_Engineers@dma.com
Employee35,35,Employee35@example.com,1234560035,Problem_Management@dma.com
Employee36,36,Employee36@example.com,1234560036,Change_Management@dma.com
Employee37,37,Employee37@example.com,1234560037,L1_Engineers@dma.com
Employee38,38,Employee38@example.com,1234560038,L2_Engineers@dma.com
Employee39,39,Employee39@example.com,1234560039,Problem_Management@dma.com
Employee40,40,Employee40@example.com,1234560040,Change_Management@dma.com
Employee41,41,Employee41@example.com,1234560041,L1_Engineers@dma.com
Employee42,42,Employee42@example.com,1234560042,L2_Engineers@dma.com
Employee43,43,Employee43@example.com,1234560043,Problem_Management@dma.com
Employee44,44,Employee44@example.com,1234560044,Change_Management@dma.com
Employee45,45,Employee45@example.com,1234560045,L1_Engineers@dma.com
Employee46,46,Employee46@example.com,1234560046,L2_Engineers@dma.com
Employee47,47,Employee47@example.com,1234560047,Problem_Management@dma.com
Employee48,48,Employee48@example.com,1234560048,Change_Management@dma.com
Employee49,49,Employee49@example.com,1234560049,L1_Engineers@dma.com
Employee50,50,Employee50@example.com,1234560050,L2_Engineers@dma.com
Employee51,51,Employee51@example.com,1234560051,Problem_Management@dma.com
Employee52,52,Employee52@example.com,1234560052,Change_Management@dma.com
Employee53,53,Employee53@example.com,1234560053,L1_Engineers@dma.com
Employee54,54,Employee54@example.com,1234560054,L2_Engineers@dma.com
Employee55,55,Employee55@example.com,1234560055,Problem_Management@dma.com
Employee56,56,Employee56@example.com,1234560056,Change_Management@dma.com
Employee57,57,Employee57@example.com,1234560057,L1_Engineers@dma.com
Employee58,58,Employee58@example.com,1234560058,L2_Engineers@dma.com
Employee59,59,Employee59@example.com,1234560059,Problem_Management@dma.com
Employee60,60,Employee60@example.com,1234560060,Change_Management@dma.com
Employee61,61,Employee61@example.com,1234560061,L1_Engineers@dma.com
Employee62,62,Employee62@example.com,1234560062,L2_Engineers@dma.com
Employee63,63,Employee63@example.com,1234560063,Problem_Management@dma.com
Employee64,64,Employee64@example.com,1234560064,Change_Management@dma.com
Employee65,65,Employee65@example.com,1234560065,L1_Engineers@dma.com
Employee66,66,Employee66@example.com,1234560066,L2_Engineers@dma.com
Employee67,67,Employee67@example.com,1234560067,Problem_Management@dma.com
Employee68,68,Employee68@example.com,1234560068,Change_Management@dma.com
Employee69,69,Employee69@example.com,1234560069,L1_Engineers@dma.com
Employee70,70,Employee70@example.com,1234560070,L2_Engineers@dma.com
Employee71,71,Employee71@example.com,1234560071,Problem_Management@dma.com
Employee72,72,Employee72@example.com,1234560072,Change_Management@dma.com
Employee73,73,Employee73@example.com,1234560073,L1_Engineers@dma.com
Employee74,74,Employee74@example.com,1234560074,L2_Engineers@dma.com
Employee75,75,Employee75@example.com,1234560075,Problem_Management@dma.com
Employee76,76,Employee76@example.com,1234560076,Change_Management@dma.com
Employee77,77,Employee77@example.com,1234560077,L1_Engineers@dma.com
Employee78,78,Employee78@example.com,1234560078,L2_Engineers@dma.com
Employee79,79,Employee79@example.com,1234560079,Problem_Management@dma.com
Employee80,80,Employee80@example.com,1234560080,Change_Management@dma.com
Employee81,81,Employee81@example.com,1234560081,L1_Engineers@dma.com
Employee82,82,Employee82@example.com,1234560082,L2_Engineers@dma.com
Employee83,83,Employee83@example.com,1234560083,Problem_Management@dma.com
Employee84,84,Employee84@example.com,1234560084,Change_Management@dma.com
Employee85,85,Employee85@example.com,1234560085,L1_Engineers@dma.com
Employee86,86,Employee86@example.com,1234560086,L2_Engineers@dma.com
Employee87,87,Employee87@example.com,1234560087,Problem_Management@dma.com
Employee88,88,Employee88@example.com,1234560088,Change_Management@dma.com
Employee89,89,Employee89@example.com,1234560089,L1_Engineers@dma.com
Employee90,90,Employee90@example.com,1234560090,L2_Engineers@dma.com
Employee91,91,Employee91@example.com,1234560091,Problem_Management@dma.com
Employee92,92,Employee92@example.com,1234560092,Change_Management@dma.com
Employee93,93,Employee93@example.com,1234560093,L1_Engineers@dma.com
Employee94,94,Employee94@example.com,1234560094,L2_Engineers@dma.com
Employee95,95,Employee95@example.com,1234560095,Problem_Management@dma.com
Employee96,96,Employee96@example.com,1234560096,Change_Management@dma.com
Employee97,97,Employee97@example.com,1234560097,L1_Engineers@dma.com
Employee98,98,Employee98@example.com,1234560098,L2_Engineers@dma.com
Employee99,99,Employee99@example.com,1234560099,Problem_Management@dma.com
Employee100,100,Employee100@example.com,1234560100,Change_Management@dma.com
